<?xml version="1.0" encoding="UTF-8"?>
<opml version="1.0">
 <head>
  <title>Personal Dashboard</title>
  <type>Private</type>
  <creationDate>2018-03-28 16:32:43</creationDate>
 </head>
 <body>
  <outline title="Bienvenue" icon="home" iconColor="blue" cols="4" layout="4-1">
   <outline type="WelcomeVip" title="Welcome to your Dashboard" row="1000" col="1">
    <outline color="borderless" mode="welcome"/>
   </outline>
   <outline type="PotionWizard" title="Alert me if it'll rain tomorrow" row="4000" col="2">
    <outline collapsedLegend="true" preconfigData="{&quot;title&quot;:&quot;Alert me if it'll rain tomorrow&quot;,&quot;triggers&quot;:[{&quot;ingredient&quot;:&quot;com.weather&quot;,&quot;reference&quot;:&quot;weather_forecast&quot;,&quot;name&quot;:&quot;com.weather.city.{city}.forecast.{day}&quot;,&quot;config&quot;:{&quot;formulaHelpers&quot;:{&quot;weatherConditions&quot;:&quot;Rain&quot;},&quot;formula&quot;:&quot;bluntConditions is 'Rain'&quot;}}],&quot;actions&quot;:[{&quot;ingredient&quot;:&quot;mail&quot;,&quot;reference&quot;:&quot;mail&quot;,&quot;name&quot;:&quot;com.netvibes.mail&quot;,&quot;type&quot;:1,&quot;config&quot;:{&quot;general&quot;:[]}}],&quot;triggersLength&quot;:1,&quot;actionsLength&quot;:1,&quot;glue&quot;:2,&quot;formula&quot;:&quot;&quot;}" title="Alert me if it'll rain tomorrow"/>
   </outline>
   <outline type="Weather" title="Saint-Denis, France" row="1000" col="3">
    <outline unit="1" town="48.936/2.354"/>
   </outline>
   <outline type="TodoList" title="To Do List" row="1000" col="4">
    <outline todos="{&quot;t1&quot;:{&quot;title&quot;:&quot;Organize your life!&quot;,&quot;color&quot;:&quot;#078d93&quot;,&quot;id&quot;:&quot;t1&quot;},&quot;t2&quot;:{&quot;title&quot;:&quot;Write Things Down&quot;,&quot;color&quot;:&quot;#96BC0D&quot;,&quot;id&quot;:&quot;t2&quot;},&quot;t3&quot;:{&quot;title&quot;:&quot;Make Schedules and Deadlines&quot;,&quot;color&quot;:&quot;#96BC0D&quot;,&quot;id&quot;:&quot;t3&quot;}}"/>
   </outline>
  </outline>
  <outline title="Éducation &gt; Éducation" icon="rss" iconColor="grey" cols="4" layout="4-1">
   <outline title="Éducation : Toute l'actualité sur Le Monde.fr." xmlUrl="https://api.netvibes.com/searches/?actions={&quot;searches&quot;:[{&quot;id&quot;:&quot;1393ec19-b2fc-11e6-acd1-782bcb10e966&quot;,&quot;token&quot;:&quot;ff17d066b9dc660ba0949d4b7814e2a3b8170eb9&quot;}]}&amp;format=atom" type="rss" row="2000" col="1"/>
   <outline type="SmartFilter" title="Today's articles from &quot;Éducation &gt; Éducation&quot; tab" row="5000" col="2">
    <outline title="Today's articles from &quot;Éducation &gt; Éducation&quot; tab" searchQuery="{&quot;topic&quot;:&quot;*:*&quot;,&quot;context&quot;:{&quot;tab&quot;:[&quot;Éducation &gt; Éducation&quot;]}}" searchToken="" view="" viewHeight="medium" color="" snapshot="[{&quot;id&quot;:&quot;9a1c53f2-109f-11e8-9c25-a0369fec98a0&quot;,&quot;streamId&quot;:&quot;03a90a1e-3289-11e4-874b-782bcb074bd1&quot;,&quot;link&quot;:&quot;http:\/\/www.esen.education.fr\/fr\/actualites\/actualites-de-l-education\/#AncreActualite12498&quot;,&quot;title&quot;:&quot;Vingt mesures concrètes pour transformer et développer l'apprentissage&quot;,&quot;content&quot;:&quot;Ce dossier de presse présente :\nles 10 bonnes raisons pour lesquelles il faut transformer l'apprentissage ;\nles 20 mesures concrètes pour transformer l'apprentissage en France. Ces mesures s'articulent autour de 4 entrées :\n\n\nle statut de l'apprenti ;\nles mesures en faveur des entreprises ;\n\nle système de financement de l'apprentissage ;\nl'apprentissage dans l'enseignement supérieur.\n\nCe dossier donne aussi la parole aux apprentis et maîtres d'apprentissage et rappelle quelques chiffres-cl&quot;,&quot;enclosures&quot;:[],&quot;guid&quot;:&quot;m02tov&quot;,&quot;publishedAt&quot;:1518510183,&quot;createdAt&quot;:1518513830,&quot;fullLink&quot;:&quot;http:\/\/www.esen.education.fr\/fr\/actualites\/actualites-de-l-education\/&quot;,&quot;domain&quot;:&quot;www.esen.education.fr&quot;,&quot;media&quot;:&quot;press and media&quot;,&quot;source&quot;:{&quot;link&quot;:&quot;http:\/\/www.esen.education.fr\/fr\/les-outils\/fils-rss\/rss\/&quot;,&quot;title&quot;:&quot;ESENESR &amp;gt; Actualités de l'Éducation&quot;},&quot;themes&quot;:[&quot;Baccalauréat en France&quot;,&quot;Master (France)&quot;,&quot;Plan campus&quot;,&quot;Choral&quot;,&quot;Collège en France&quot;,&quot;Adobe Flash&quot;,&quot;Certificat d'aptitude professionnelle&quot;,&quot;Brevet d'études professionnelles&quot;,&quot;Commission nationale de l'informatique et des libertés&quot;,&quot;Fichage en France&quot;,&quot;Licence (France)&quot;,&quot;Commission administrative paritaire&quot;,&quot;Contribution sociale généralisée&quot;,&quot;Assiette fiscale&quot;,&quot;Inspecteur d'académie - inspecteur pédagogique régional&quot;]},{&quot;id&quot;:&quot;7a1e77fa-109b-11e8-a062-a0369fec9818&quot;,&quot;streamId&quot;:&quot;f934d5e8-3434-11e4-8856-782bcb074bd1&quot;,&quot;link&quot;:&quot;http:\/\/www.sudeducation.org\/Postes-au-CRPE-O-Selection-O.html&quot;,&quot;title&quot;:&quot;Postes au CRPE ¤ Sélection ¤ Fonction publique...&quot;,&quot;content&quot;:&quot;&quot;,&quot;enclosures&quot;:[],&quot;guid&quot;:&quot;1mikd7j&quot;,&quot;publishedAt&quot;:1518510149,&quot;createdAt&quot;:1518512058,&quot;fullLink&quot;:&quot;http:\/\/www.sudeducation.org\/lettre\/fede\/2018\/02\/12022018.html&quot;,&quot;domain&quot;:&quot;www.sudeducation.org&quot;,&quot;media&quot;:&quot;press and media&quot;,&quot;source&quot;:{&quot;link&quot;:&quot;http:\/\/www.sudeducation.org\/&quot;,&quot;title&quot;:&quot;SUD Éducation&quot;},&quot;themes&quot;:[&quot;SUD Éducation&quot;]},{&quot;id&quot;:&quot;7b5b0d04-1096-11e8-9657-a0369fec9dcc&quot;,&quot;streamId&quot;:&quot;607a65c2-a1a7-11e4-ae70-782bcb102f71&quot;,&quot;link&quot;:&quot;http:\/\/www.lavoixletudiant.com\/actus\/80753\/80753\/&quot;,&quot;title&quot;:&quot;Parcousup : une préparation importante&quot;,&quot;content&quot;:&quot;Cette année, plus de 2 000 bacheliers supplémentaires intégreront l’académie de Lille. Les universités de la région devraient en accueillir presque la moitié, dont 500 uniquement pour l’Université de Lille. Dans les filières plus « prisées » comme STAPS, 105 places sont … Lire la suite →\n&quot;,&quot;enclosures&quot;:[{&quot;link&quot;:&quot;http:\/\/www.lavoixletudiant.com\/wp-content\/uploads\/2018\/02\/index-580x386.jpg&quot;,&quot;type&quot;:&quot;image&quot;,&quot;source&quot;:&quot;full_content&quot;,&quot;height&quot;:386,&quot;width&quot;:580}],&quot;guid&quot;:&quot;13vvzzq&quot;,&quot;publishedAt&quot;:1518509912,&quot;createdAt&quot;:1518509913,&quot;fullLink&quot;:&quot;http:\/\/www.lavoixletudiant.com\/actus\/80753\/80753\/80753\/&quot;,&quot;domain&quot;:&quot;www.lavoixletudiant.com&quot;,&quot;media&quot;:&quot;press and media&quot;,&quot;source&quot;:{&quot;link&quot;:&quot;http:\/\/www.lavoixletudiant.com\/&quot;,&quot;title&quot;:&quot;La Voix l'Étudiant : jobs, emplois, formations, concours, salons, stages&quot;},&quot;themes&quot;:[&quot;Académie de Lille&quot;,&quot;Sciences et techniques des activités physiques et sportives&quot;,&quot;Institut universitaire de technologie&quot;]},{&quot;id&quot;:&quot;420efa90-109d-11e8-8319-a0369fec9378&quot;,&quot;streamId&quot;:&quot;a9715617-38cf-11e4-8696-a4badb4444dc&quot;,&quot;link&quot;:&quot;https:\/\/histoiresduniversites.wordpress.com\/2018\/02\/13\/parcoursup-lorraine-veut-rassurer\/&quot;,&quot;title&quot;:&quot;ParcourSup. Lorraine veut rassurer&quot;,&quot;content&quot;:&quot;\nPourquoi l’université de Lorraine communique-t-elle sur ce qui change et sur ce qui ne change pas pour ses 72 licences, avec la modification du mode d’admission dans l’enseignement supérieur (ParcourSup au lieu d’APB) ?\nSaisie des vœux sur ParcoursSup commencée depuis 4 semaines (fin de cette saisie dans cinq semaines). L’université de Lorraine me paraît douter de son attractivité. Ses dirigeants suivent au jour le jour la saisie des vœux pour les 4 villes où l’université &quot;,&quot;enclosures&quot;:[{&quot;link&quot;:&quot;http:\/\/histoiresduniversites.files.wordpress.com\/2018\/02\/capture-lorraine-places-offertes-1.png?w=500&quot;,&quot;type&quot;:&quot;image&quot;,&quot;height&quot;:320,&quot;width&quot;:500},{&quot;link&quot;:&quot;http:\/\/histoiresduniversites.files.wordpress.com\/2018\/02\/capture-staps-nancy.png?w=500&quot;,&quot;type&quot;:&quot;image&quot;,&quot;height&quot;:318,&quot;width&quot;:500},{&quot;link&quot;:&quot;http:\/\/histoiresduniversites.files.wordpress.com\/2018\/02\/capture-lorraine-staps-rc3a9ussite.png?w=500&quot;,&quot;type&quot;:&quot;image&quot;,&quot;height&quot;:295,&quot;width&quot;:500},{&quot;link&quot;:&quot;http:\/\/histoiresduniversites.files.wordpress.com\/2018\/02\/capture-lorraine-rc3a9ussite-histoire.png?w=500&quot;,&quot;type&quot;:&quot;image&quot;,&quot;height&quot;:278,&quot;width&quot;:500},{&quot;link&quot;:&quot;http:\/\/histoiresduniversites.files.wordpress.com\/2018\/02\/capture-ce-qui-change-1.png?w=500&quot;,&quot;type&quot;:&quot;image&quot;,&quot;height&quot;:160,&quot;width&quot;:500},{&quot;link&quot;:&quot;http:\/\/histoiresduniversites.files.wordpress.com\/2018\/02\/capture-ce-qui-change-4-moyens.png?w=500&quot;,&quot;type&quot;:&quot;image&quot;,&quot;height&quot;:81,&quot;width&quot;:500},{&quot;link&quot;:&quot;http:\/\/histoiresduniversites.files.wordpress.com\/2018\/02\/capture-ce-qui-change-3.png?w=500&quot;,&quot;type&quot;:&quot;image&quot;,&quot;height&quot;:66,&quot;width&quot;:500},{&quot;link&quot;:&quot;http:\/\/histoiresduniversites.files.wordpress.com\/2018\/02\/capture-ce-qui-change-2.png?w=500&quot;,&quot;type&quot;:&quot;image&quot;,&quot;height&quot;:64,&quot;width&quot;:500},{&quot;link&quot;:&quot;http:\/\/2.gravatar.com\/avatar\/2f2833f3f83212d205fbac50f00816e1?s=96&amp;d=identicon&amp;r=G&quot;,&quot;type&quot;:&quot;image&quot;,&quot;height&quot;:96,&quot;width&quot;:96},{&quot;link&quot;:&quot;http:\/\/histoiresduniversites.files.wordpress.com\/2018\/02\/infographie_plan_etudiants.jpg?w=500&quot;,&quot;type&quot;:&quot;image&quot;}],&quot;guid&quot;:&quot;1n2k8ly&quot;,&quot;publishedAt&quot;:1518508949,&quot;createdAt&quot;:1518512823,&quot;source&quot;:{&quot;link&quot;:&quot;https:\/\/histoiresduniversites.wordpress.com\/&quot;,&quot;title&quot;:&quot;Histoires d'universités&quot;},&quot;themes&quot;:[&quot;Sciences et techniques des activités physiques et sportives&quot;,&quot;Infographie&quot;]},{&quot;id&quot;:&quot;32b4f472-1094-11e8-847c-a0369fec9dcc&quot;,&quot;streamId&quot;:&quot;419cf79e-48dd-11e6-a94f-782bcb11773e&quot;,&quot;link&quot;:&quot;http:\/\/vie-etudiante.unicaen.fr\/services-a-l-etudiant\/initiative-oceane-campus-1-862393.kjsp&quot;,&quot;title&quot;:&quot;Initiative Océane Campus 1&quot;,&quot;content&quot;:&quot;&quot;,&quot;enclosures&quot;:[],&quot;guid&quot;:&quot;1ixt44l&quot;,&quot;publishedAt&quot;:1518508932,&quot;createdAt&quot;:1518508932,&quot;source&quot;:{&quot;link&quot;:&quot;http:\/\/esix.unicaen.fr\/&quot;,&quot;title&quot;:&quot;Ecole Supérieure d'Ingénieurs - Université de Caen Normandie&quot;},&quot;themes&quot;:[&quot;Unité de formation et de recherche&quot;,&quot;Institut universitaire de technologie&quot;,&quot;Espace numérique de travail&quot;,&quot;Sciences et techniques des activités physiques et sportives&quot;,&quot;École supérieure du professorat et de l'éducation&quot;]},{&quot;id&quot;:&quot;c46cd802-108b-11e8-8908-a0369fec937c&quot;,&quot;streamId&quot;:&quot;419cf79e-48dd-11e6-a94f-782bcb11773e&quot;,&quot;link&quot;:&quot;http:\/\/culture.unicaen.fr\/cinema\/soiree-le-bizutage-rite-de-passage--862403.kjsp&quot;,&quot;title&quot;:&quot;Soirée &amp;quot;Le bizutage, rite de passage&amp;quot;&quot;,&quot;content&quot;:&quot;&quot;,&quot;enclosures&quot;:[],&quot;guid&quot;:&quot;i3f9m9&quot;,&quot;publishedAt&quot;:1518505311,&quot;createdAt&quot;:1518505311,&quot;source&quot;:{&quot;link&quot;:&quot;http:\/\/esix.unicaen.fr\/&quot;,&quot;title&quot;:&quot;Ecole Supérieure d'Ingénieurs - Université de Caen Normandie&quot;},&quot;themes&quot;:[&quot;Rite de passage&quot;,&quot;Fascisme&quot;,&quot;Skype&quot;]},{&quot;id&quot;:&quot;e1d1a0b2-1086-11e8-80db-a0369fec92b8&quot;,&quot;streamId&quot;:&quot;b98db0c9-32b8-11e4-87b5-782bcb074bd1&quot;,&quot;link&quot;:&quot;http:\/\/www.cafepedagogique.net\/lexpresso\/Pages\/2018\/02\/13022018Accueil.aspx&quot;,&quot;title&quot;:&quot;L'Expresso du 13 février 2018&quot;,&quot;content&quot;:&quot;\n\nTitre: L'Expresso du 13 février 2018\n\nDate de l'article: mardi 13 février 2018\n\nCafe date de l'article: mardi 13 février 2018\n&quot;,&quot;enclosures&quot;:[{&quot;link&quot;:&quot;http:\/\/www.cafepedagogique.net\/Lists\/ITN_Advertising\/pub_maternelle.jpg&quot;,&quot;type&quot;:&quot;image&quot;,&quot;source&quot;:&quot;full_content&quot;,&quot;height&quot;:925,&quot;width&quot;:2508}],&quot;guid&quot;:&quot;l2cfh6&quot;,&quot;publishedAt&quot;:1518503213,&quot;createdAt&quot;:1518503213,&quot;source&quot;:{&quot;link&quot;:&quot;http:\/\/www.cafepedagogique.net\/lexpresso&quot;,&quot;title&quot;:&quot;Café Pédagogique : L'Expresso&quot;},&quot;sourcePublishedAt&quot;:&quot;1518503966&quot;,&quot;themes&quot;:[&quot;Sciences de la vie et de la Terre&quot;,&quot;Logiciel libre&quot;,&quot;Expresso&quot;,&quot;Union syndicale Solidaires&quot;,&quot;Réforme protestante&quot;,&quot;Mathématiques&quot;,&quot;As (monnaie)&quot;,&quot;Confédération générale du travail&quot;,&quot;Bioéthique&quot;,&quot;Python (langage)&quot;,&quot;BBC Micro&quot;,&quot;Bridge&quot;,&quot;Collège en France&quot;,&quot;Baccalauréat en France&quot;,&quot;États généraux (France)&quot;,&quot;Embryon&quot;,&quot;Procréation médicalement assistée&quot;,&quot;Azote&quot;,&quot;Gordien Ier&quot;,&quot;Guerre du Viêt Nam&quot;,&quot;Partiel (acoustique)&quot;,&quot;Mondialisation&quot;,&quot;Union nationale des étudiants de France&quot;,&quot;Syndicat national des enseignements de second degré&quot;,&quot;Sénat (France)&quot;,&quot;Conseil d'État (France)&quot;,&quot;Sicherheitsdienst&quot;,&quot;Union nationale lycéenne&quot;,&quot;Classe préparatoire aux grandes écoles&quot;,&quot;Société française de physique&quot;,&quot;SUD Éducation&quot;,&quot;Certificat d'aptitude au professorat de lycée professionnel&quot;,&quot;Disque microsillon&quot;,&quot;Universum Film AG&quot;,&quot;Assemblée nationale (France)&quot;,&quot;Questionnaire à choix multiples&quot;]},{&quot;id&quot;:&quot;e1d136cc-1086-11e8-a8d9-a0369fec92b8&quot;,&quot;streamId&quot;:&quot;b98db0c9-32b8-11e4-87b5-782bcb074bd1&quot;,&quot;link&quot;:&quot;http:\/\/www.cafepedagogique.net\/lexpresso\/Pages\/2018\/02\/13022018Article636541007632411411.aspx&quot;,&quot;title&quot;:&quot;L'inexorable fragmentation des systèmes éducatifs nationaux&quot;,&quot;content&quot;:&quot;\n\nTitre: L'inexorable fragmentation des systèmes éducatifs nationaux\n\nDate de l'article: mardi 13 février 2018\n\nCafe date de l'article: mardi 13 février 2018\n&quot;,&quot;enclosures&quot;:[],&quot;guid&quot;:&quot;c1giu5&quot;,&quot;publishedAt&quot;:1518503213,&quot;createdAt&quot;:1518503213,&quot;source&quot;:{&quot;link&quot;:&quot;http:\/\/www.cafepedagogique.net\/lexpresso&quot;,&quot;title&quot;:&quot;Café Pédagogique : L'Expresso&quot;},&quot;sourcePublishedAt&quot;:&quot;1518503963&quot;},{&quot;id&quot;:&quot;e1d0c32c-1086-11e8-a9cc-a0369fec92b8&quot;,&quot;streamId&quot;:&quot;b98db0c9-32b8-11e4-87b5-782bcb074bd1&quot;,&quot;link&quot;:&quot;http:\/\/www.cafepedagogique.net\/lexpresso\/Pages\/2018\/02\/13022018Article636541007614754935.aspx&quot;,&quot;title&quot;:&quot;Rapport Villani : Un rapport idéologique et sans budget&quot;,&quot;content&quot;:&quot;\n\nTitre: Rapport Villani : Un rapport idéologique et sans budget\n\nDate de l'article: mardi 13 février 2018\n\nCafe date de l'article: mardi 13 février 2018\n&quot;,&quot;enclosures&quot;:[],&quot;guid&quot;:&quot;1st24oc&quot;,&quot;publishedAt&quot;:1518503213,&quot;createdAt&quot;:1518503213,&quot;source&quot;:{&quot;link&quot;:&quot;http:\/\/www.cafepedagogique.net\/lexpresso&quot;,&quot;title&quot;:&quot;Café Pédagogique : L'Expresso&quot;},&quot;sourcePublishedAt&quot;:&quot;1518503962&quot;},{&quot;id&quot;:&quot;e1d06120-1086-11e8-9bc2-a0369fec92b8&quot;,&quot;streamId&quot;:&quot;b98db0c9-32b8-11e4-87b5-782bcb074bd1&quot;,&quot;link&quot;:&quot;http:\/\/www.cafepedagogique.net\/lexpresso\/Pages\/2018\/02\/13022018Article636541007604754807.aspx&quot;,&quot;title&quot;:&quot;Yannick Trigance : La scolarisation dès 2 ans menacée est un levier de réussite&quot;,&quot;content&quot;:&quot;\n\nTitre: Yannick Trigance : La scolarisation dès 2 ans menacée est un levier de réussite\n\nDate de l'article: mardi 13 février 2018\n\nCafe date de l'article: mardi 13 février 2018\n&quot;,&quot;enclosures&quot;:[],&quot;guid&quot;:&quot;10s1cwx&quot;,&quot;publishedAt&quot;:1518503213,&quot;createdAt&quot;:1518503213,&quot;source&quot;:{&quot;link&quot;:&quot;http:\/\/www.cafepedagogique.net\/lexpresso&quot;,&quot;title&quot;:&quot;Café Pédagogique : L'Expresso&quot;},&quot;sourcePublishedAt&quot;:&quot;1518503961&quot;,&quot;themes&quot;:[&quot;Réacteur à eau pressurisée&quot;,&quot;Assemblée nationale (France)&quot;,&quot;Quinquennat (politique)&quot;,&quot;Zone d'éducation prioritaire&quot;,&quot;Bretagne&quot;]}]"/>
   </outline>
   <outline type="PotionWizard" title="Éducation: Topic watch" row="7000" col="2">
    <outline collapsedLegend="true" preconfigData="{&quot;title&quot;:&quot;Éducation: Topic watch&quot;,&quot;triggers&quot;:[{&quot;ingredient&quot;:&quot;com.netvibes.library&quot;,&quot;reference&quot;:&quot;new_article&quot;,&quot;name&quot;:&quot;com.netvibes.dashboard.{id}.library.{wid}.article.new&quot;,&quot;config&quot;:[]}],&quot;actions&quot;:[{&quot;ingredient&quot;:&quot;mail&quot;,&quot;reference&quot;:&quot;mail&quot;,&quot;name&quot;:&quot;com.netvibes.mail&quot;,&quot;type&quot;:1,&quot;config&quot;:{&quot;general&quot;:[]}}],&quot;triggersLength&quot;:1,&quot;actionsLength&quot;:1,&quot;glue&quot;:2,&quot;formula&quot;:&quot;&quot;}" title="Éducation: Topic watch"/>
   </outline>
   <outline type="Library" row="9000" col="2" title="Éducation" viewHeight="medium" libraryId="2317247877" libraryToken="ee905a8199fd93dd58aaf0873d968cb4bdb89dc4"/>
   <outline title="Monde des grandes écoles et universités" xmlUrl="https://api.netvibes.com/searches/?actions={&quot;searches&quot;:[{&quot;id&quot;:&quot;127c510c-b2fc-11e6-acd1-782bcb10e966&quot;,&quot;token&quot;:&quot;4d16ba86ff87a49b2481dc85352580502ee2e580&quot;}]}&amp;format=atom" type="rss" row="1000" col="3"/>
   <outline title="L'etudiant" xmlUrl="https://api.netvibes.com/searches/?actions={&quot;searches&quot;:[{&quot;id&quot;:&quot;127c511a-b2fc-11e6-acd1-782bcb10e966&quot;,&quot;token&quot;:&quot;af971b8c64b266b71cbf7ccda678f3187206d3e4&quot;}]}&amp;format=atom" type="rss" row="2000" col="3"/>
   <outline title="Actualités sur des sociétés qui recrutent et zooms sur les politiques RH des entreprises - RegionsJob" xmlUrl="https://api.netvibes.com/searches/?actions={&quot;searches&quot;:[{&quot;id&quot;:&quot;1393ec1b-b2fc-11e6-acd1-782bcb10e966&quot;,&quot;token&quot;:&quot;5970d907dce76b572bf901561997acdcd2ef051d&quot;}]}&amp;format=atom" type="rss" row="3000" col="3"/>
   <outline title="Education.gouv.fr : Toute l'actualité" xmlUrl="https://api.netvibes.com/searches/?actions={&quot;searches&quot;:[{&quot;id&quot;:&quot;1393ec12-b2fc-11e6-acd1-782bcb10e966&quot;,&quot;token&quot;:&quot;65115a0da32af575ab2f8fca5f0270c46669e21f&quot;}]}&amp;format=atom" type="rss" row="500" col="4"/>
   <outline title="Flux des actualités - digiSchool.fr" xmlUrl="https://api.netvibes.com/searches/?actions={&quot;searches&quot;:[{&quot;id&quot;:&quot;1393ec16-b2fc-11e6-acd1-782bcb10e966&quot;,&quot;token&quot;:&quot;32b1c4fe201e37120013e19dffe1595f511dcf52&quot;}]}&amp;format=atom" type="rss" row="1500" col="4"/>
   <outline title="Capcampus.com" xmlUrl="https://api.netvibes.com/searches/?actions={&quot;searches&quot;:[{&quot;id&quot;:&quot;127c5115-b2fc-11e6-acd1-782bcb10e966&quot;,&quot;token&quot;:&quot;f93593811d002ffc4613d4ab5f27fbdc153d3535&quot;}]}&amp;format=atom" type="rss" row="2500" col="4"/>
  </outline>
  <outline title="Interest: &quot;Mairie De Paris&quot;" icon="star" iconColor="green" cols="4" layout="4-1">
   <outline type="SmartFilter" title="All &quot;Mairie De Paris&quot; articles" row="2000" col="1">
    <outline title="All &quot;Mairie De Paris&quot; articles" searchQuery="{&quot;topic&quot;:&quot;Mairie De Paris&quot;}" searchToken="" view="mosaic" viewHeight="medium" color="" snapshot="[{&quot;id&quot;:&quot;ee7fa694-0f8a-11e8-accd-a0369fec98a0&quot;,&quot;streamId&quot;:&quot;d56bd545-375b-11e4-b707-a4badb4444dc&quot;,&quot;link&quot;:&quot;http:\/\/www.ecole-boulle.org\/articles\/5820\/bibliotheque-municipale-saint-eloi&quot;,&quot;title&quot;:&quot;BIBLIOTHÉQUE MUNICIPALE SAINT-ÉLOI&quot;,&quot;content&quot;:&quot;\n        Les études ont beaucoup questionné l'identité du lieu et le rôle de cet espace municipal dédié aux livres et à la lecture. Certains projets ont favorisé les espaces à partager : espaces de consultation des quotidiens, hebdomadaires et mensuels, espaces d'études, espaces de convivialité et d'événements, espaces audiovisuels, espaces d'animation...  &quot;,&quot;enclosures&quot;:[{&quot;link&quot;:&quot;http:\/\/www.ecole-boulle.org\/sites\/default\/files\/styles\/galleryformatter_slide\/public\/images\/antonin_tiphaine.jpg?itok=WJZJrhxr&quot;,&quot;type&quot;:&quot;image&quot;,&quot;source&quot;:&quot;full_content&quot;,&quot;height&quot;:380,&quot;width&quot;:680}],&quot;guid&quot;:&quot;1tuwwr2&quot;,&quot;publishedAt&quot;:1518390841,&quot;createdAt&quot;:1518395001,&quot;source&quot;:{&quot;link&quot;:&quot;http:\/\/www.ecole-boulle.org\/?term_tid=All&quot;,&quot;title&quot;:&quot;École Boulle - Design et Métiers d'Arts&quot;},&quot;themes&quot;:[&quot;Sclérose latérale amyotrophique&quot;,&quot;Sociologie&quot;,&quot;Mairie de Paris&quot;]}]"/>
   </outline>
   <outline type="PotionWizard" title="New article" row="7000" col="2">
    <outline collapsedLegend="true" preconfigData="{&quot;title&quot;:&quot;New article&quot;,&quot;triggers&quot;:[{&quot;ingredient&quot;:&quot;com.netvibes.stream&quot;,&quot;reference&quot;:&quot;new_article&quot;,&quot;name&quot;:&quot;com.netvibes.dashboard.{id}.stream.{uuid}.article.new&quot;,&quot;config&quot;:{&quot;formulaHelpers&quot;:{&quot;content&quot;:[&quot;Mairie De Paris&quot;],&quot;hasImages&quot;:true},&quot;formula&quot;:&quot;content contains \&quot;Mairie De Paris\&quot; and type of enclosures contains 'image')&quot;}}],&quot;actions&quot;:[{&quot;ingredient&quot;:&quot;mail&quot;,&quot;reference&quot;:&quot;mail&quot;,&quot;name&quot;:&quot;com.netvibes.mail&quot;,&quot;type&quot;:1,&quot;config&quot;:{&quot;general&quot;:[]}}],&quot;triggersLength&quot;:1,&quot;actionsLength&quot;:1,&quot;glue&quot;:2,&quot;formula&quot;:&quot;&quot;}" title="New article"/>
   </outline>
   <outline type="SmartFilter" title="&quot;Mairie De Paris&quot; articles from Press &amp; Media" row="1000" col="3">
    <outline title="&quot;Mairie De Paris&quot; articles from Press &amp; Media" searchQuery="{&quot;topic&quot;:&quot;Mairie De Paris AND media:\&quot;press and media\&quot;&quot;}" searchToken="" view="" viewHeight="medium" color="" snapshot="[{&quot;id&quot;:&quot;ee7fa694-0f8a-11e8-accd-a0369fec98a0&quot;,&quot;streamId&quot;:&quot;d56bd545-375b-11e4-b707-a4badb4444dc&quot;,&quot;link&quot;:&quot;http:\/\/www.ecole-boulle.org\/articles\/5820\/bibliotheque-municipale-saint-eloi&quot;,&quot;title&quot;:&quot;BIBLIOTHÉQUE MUNICIPALE SAINT-ÉLOI&quot;,&quot;content&quot;:&quot;\n        Les études ont beaucoup questionné l'identité du lieu et le rôle de cet espace municipal dédié aux livres et à la lecture. Certains projets ont favorisé les espaces à partager : espaces de consultation des quotidiens, hebdomadaires et mensuels, espaces d'études, espaces de convivialité et d'événements, espaces audiovisuels, espaces d'animation...  &quot;,&quot;enclosures&quot;:[{&quot;link&quot;:&quot;http:\/\/www.ecole-boulle.org\/sites\/default\/files\/styles\/galleryformatter_slide\/public\/images\/antonin_tiphaine.jpg?itok=WJZJrhxr&quot;,&quot;type&quot;:&quot;image&quot;,&quot;source&quot;:&quot;full_content&quot;,&quot;height&quot;:380,&quot;width&quot;:680}],&quot;guid&quot;:&quot;1tuwwr2&quot;,&quot;publishedAt&quot;:1518390841,&quot;createdAt&quot;:1518395001,&quot;source&quot;:{&quot;link&quot;:&quot;http:\/\/www.ecole-boulle.org\/?term_tid=All&quot;,&quot;title&quot;:&quot;École Boulle - Design et Métiers d'Arts&quot;},&quot;themes&quot;:[&quot;Sclérose latérale amyotrophique&quot;,&quot;Sociologie&quot;,&quot;Mairie de Paris&quot;]}]"/>
   </outline>
   <outline type="SmartFilter" title="&quot;Mairie De Paris&quot; images" row="1000" col="4">
    <outline title="&quot;Mairie De Paris&quot; images" searchQuery="{&quot;topic&quot;:&quot;Mairie De Paris AND image:\&quot;true\&quot;&quot;}" searchToken="" view="mosaic" viewHeight="medium" color="" snapshot="[{&quot;id&quot;:&quot;ee7fa694-0f8a-11e8-accd-a0369fec98a0&quot;,&quot;streamId&quot;:&quot;d56bd545-375b-11e4-b707-a4badb4444dc&quot;,&quot;link&quot;:&quot;http:\/\/www.ecole-boulle.org\/articles\/5820\/bibliotheque-municipale-saint-eloi&quot;,&quot;title&quot;:&quot;BIBLIOTHÉQUE MUNICIPALE SAINT-ÉLOI&quot;,&quot;content&quot;:&quot;\n        Les études ont beaucoup questionné l'identité du lieu et le rôle de cet espace municipal dédié aux livres et à la lecture. Certains projets ont favorisé les espaces à partager : espaces de consultation des quotidiens, hebdomadaires et mensuels, espaces d'études, espaces de convivialité et d'événements, espaces audiovisuels, espaces d'animation...  &quot;,&quot;enclosures&quot;:[{&quot;link&quot;:&quot;http:\/\/www.ecole-boulle.org\/sites\/default\/files\/styles\/galleryformatter_slide\/public\/images\/antonin_tiphaine.jpg?itok=WJZJrhxr&quot;,&quot;type&quot;:&quot;image&quot;,&quot;source&quot;:&quot;full_content&quot;,&quot;height&quot;:380,&quot;width&quot;:680}],&quot;guid&quot;:&quot;1tuwwr2&quot;,&quot;publishedAt&quot;:1518390841,&quot;createdAt&quot;:1518395001,&quot;source&quot;:{&quot;link&quot;:&quot;http:\/\/www.ecole-boulle.org\/?term_tid=All&quot;,&quot;title&quot;:&quot;École Boulle - Design et Métiers d'Arts&quot;},&quot;themes&quot;:[&quot;Sclérose latérale amyotrophique&quot;,&quot;Sociologie&quot;,&quot;Mairie de Paris&quot;]}]"/>
   </outline>
  </outline>
  <outline title="Interest: &quot;C. Grand-Est (Alsace Lorraine Champagne" icon="star" iconColor="green" cols="4" layout="4-1">
   <outline type="SmartFilter" title="All &quot;C. Grand-Est (Alsace Lorraine Champagne-Ardenne)&quot; articles" row="2000" col="1">
    <outline title="All &quot;C. Grand-Est (Alsace Lorraine Champagne-Ardenne)&quot; articles" searchQuery="{&quot;topic&quot;:&quot;C. Grand-Est (Alsace Lorraine Champagne-Ardenne)&quot;}" searchToken="" view="mosaic" viewHeight="medium" color="" snapshot="[]"/>
   </outline>
   <outline type="PotionWizard" title="New article" row="7000" col="2">
    <outline collapsedLegend="true" preconfigData="{&quot;title&quot;:&quot;New article&quot;,&quot;triggers&quot;:[{&quot;ingredient&quot;:&quot;com.netvibes.stream&quot;,&quot;reference&quot;:&quot;new_article&quot;,&quot;name&quot;:&quot;com.netvibes.dashboard.{id}.stream.{uuid}.article.new&quot;,&quot;config&quot;:{&quot;formulaHelpers&quot;:{&quot;content&quot;:[&quot;C. Grand-Est (Alsace Lorraine Champagne-Ardenne)&quot;],&quot;hasImages&quot;:true},&quot;formula&quot;:&quot;content contains \&quot;C. Grand-Est (Alsace Lorraine Champagne-Ardenne)\&quot; and type of enclosures contains 'image')&quot;}}],&quot;actions&quot;:[{&quot;ingredient&quot;:&quot;mail&quot;,&quot;reference&quot;:&quot;mail&quot;,&quot;name&quot;:&quot;com.netvibes.mail&quot;,&quot;type&quot;:1,&quot;config&quot;:{&quot;general&quot;:[]}}],&quot;triggersLength&quot;:1,&quot;actionsLength&quot;:1,&quot;glue&quot;:2,&quot;formula&quot;:&quot;&quot;}" title="New article"/>
   </outline>
   <outline type="SmartFilter" title="&quot;C. Grand-Est (Alsace Lorraine Champagne-Ardenne)&quot; articles from Press &amp; Media" row="1000" col="3">
    <outline title="&quot;C. Grand-Est (Alsace Lorraine Champagne-Ardenne)&quot; articles from Press &amp; Media" searchQuery="{&quot;topic&quot;:&quot;C. Grand-Est (Alsace Lorraine Champagne-Ardenne) AND media:\&quot;press and media\&quot;&quot;}" searchToken="" view="" viewHeight="medium" color="" snapshot="[]"/>
   </outline>
   <outline type="SmartFilter" title="&quot;C. Grand-Est (Alsace Lorraine Champagne-Ardenne)&quot; images" row="1000" col="4">
    <outline title="&quot;C. Grand-Est (Alsace Lorraine Champagne-Ardenne)&quot; images" searchQuery="{&quot;topic&quot;:&quot;C. Grand-Est (Alsace Lorraine Champagne-Ardenne) AND image:\&quot;true\&quot;&quot;}" searchToken="" view="mosaic" viewHeight="medium" color="" snapshot="[]"/>
   </outline>
  </outline>
  <outline title="Interest: &quot;Festival De La Créativité Enseignante" icon="star" iconColor="green" cols="4" layout="4-1">
   <outline type="SmartFilter" title="All &quot;Festival De La Créativité Enseignante Dans&quot; articles" row="2000" col="1">
    <outline title="All &quot;Festival De La Créativité Enseignante Dans&quot; articles" searchQuery="{&quot;topic&quot;:&quot;Festival De La Créativité Enseignante Dans&quot;}" searchToken="" view="mosaic" viewHeight="medium" color="" snapshot="[]"/>
   </outline>
   <outline type="PotionWizard" title="New article" row="7000" col="2">
    <outline collapsedLegend="true" preconfigData="{&quot;title&quot;:&quot;New article&quot;,&quot;triggers&quot;:[{&quot;ingredient&quot;:&quot;com.netvibes.stream&quot;,&quot;reference&quot;:&quot;new_article&quot;,&quot;name&quot;:&quot;com.netvibes.dashboard.{id}.stream.{uuid}.article.new&quot;,&quot;config&quot;:{&quot;formulaHelpers&quot;:{&quot;content&quot;:[&quot;Festival De La Créativité Enseignante Dans&quot;],&quot;hasImages&quot;:true},&quot;formula&quot;:&quot;content contains \&quot;Festival De La Créativité Enseignante Dans\&quot; and type of enclosures contains 'image')&quot;}}],&quot;actions&quot;:[{&quot;ingredient&quot;:&quot;mail&quot;,&quot;reference&quot;:&quot;mail&quot;,&quot;name&quot;:&quot;com.netvibes.mail&quot;,&quot;type&quot;:1,&quot;config&quot;:{&quot;general&quot;:[]}}],&quot;triggersLength&quot;:1,&quot;actionsLength&quot;:1,&quot;glue&quot;:2,&quot;formula&quot;:&quot;&quot;}" title="New article"/>
   </outline>
   <outline type="SmartFilter" title="&quot;Festival De La Créativité Enseignante Dans&quot; articles from Press &amp; Media" row="1000" col="3">
    <outline title="&quot;Festival De La Créativité Enseignante Dans&quot; articles from Press &amp; Media" searchQuery="{&quot;topic&quot;:&quot;Festival De La Créativité Enseignante Dans AND media:\&quot;press and media\&quot;&quot;}" searchToken="" view="" viewHeight="medium" color="" snapshot="[]"/>
   </outline>
   <outline type="SmartFilter" title="&quot;Festival De La Créativité Enseignante Dans&quot; images" row="1000" col="4">
    <outline title="&quot;Festival De La Créativité Enseignante Dans&quot; images" searchQuery="{&quot;topic&quot;:&quot;Festival De La Créativité Enseignante Dans AND image:\&quot;true\&quot;&quot;}" searchToken="" view="mosaic" viewHeight="medium" color="" snapshot="[]"/>
   </outline>
  </outline>
  <outline title="Interest: &quot;Emmanuel Macron&quot;" icon="star" iconColor="green" cols="4" layout="4-1">
   <outline type="SmartFilter" title="All &quot;Emmanuel Macron&quot; articles" row="2000" col="1">
    <outline title="All &quot;Emmanuel Macron&quot; articles" searchQuery="{&quot;topic&quot;:&quot;Emmanuel Macron&quot;}" searchToken="" view="mosaic" viewHeight="medium" color="" snapshot="[{&quot;id&quot;:&quot;7042a6a2-1055-11e8-b1ba-a0369fec9dcc&quot;,&quot;streamId&quot;:&quot;a62e3e30-4cc4-11e6-a6bb-782bcb10e966&quot;,&quot;link&quot;:&quot;https:\/\/www.sorbonne.fr\/musique-contre-oubli-concert-hommage-sorbonne\/&quot;,&quot;title&quot;:&quot;La musique contre l’oubli : concert hommage en Sorbonne&quot;,&quot;content&quot;:&quot;\n\n« Un événement effrayant, un projet bouleversant », tels sont les mots utilisés par Marek Halter, parrain de l’événement, pour décrire le concert exceptionnel organisé en Sorbonne à l’occasion de la journée internationale dédiée à la mémoire des victimes de la Shoah : La musique contre l’oubli. Le 27 janvier 2018, sous le haut patronage d’Emmanuel Macron, Président de la République, un poignant hommage musical a ainsi été rendu aux compositeurs juifs tués par les&quot;,&quot;enclosures&quot;:[{&quot;link&quot;:&quot;https:\/\/www.sorbonne.fr\/wp-content\/uploads\/Concert_La-musique-contre-oubli_Marek-Halter-328.jpg&quot;,&quot;type&quot;:&quot;image&quot;,&quot;source&quot;:&quot;content&quot;,&quot;height&quot;:760,&quot;width&quot;:1140}],&quot;guid&quot;:&quot;1rizesg&quot;,&quot;publishedAt&quot;:1518452667,&quot;createdAt&quot;:1518481977,&quot;source&quot;:{&quot;link&quot;:&quot;https:\/\/www.sorbonne.fr\/&quot;,&quot;title&quot;:&quot;La Chancellerie  des Universités de Paris&quot;},&quot;themes&quot;:[&quot;Sorbonne&quot;,&quot;Shoah&quot;,&quot;Nazisme&quot;,&quot;Camp de concentration de Theresienstadt&quot;,&quot;Chœur (musique)&quot;,&quot;Journée internationale&quot;,&quot;Macron&quot;,&quot;Recteur d'académie&quot;,&quot;Prague&quot;,&quot;Mirador&quot;,&quot;Piano&quot;,&quot;Concerto&quot;,&quot;Flûte&quot;,&quot;La Liste de Schindler (film)&quot;,&quot;Alto (instrument à cordes)&quot;,&quot;Violoncelle&quot;]},{&quot;id&quot;:&quot;5bc22274-1029-11e8-af87-a0369fec9884&quot;,&quot;streamId&quot;:&quot;d5b5ba9d-3282-11e4-8738-782bcb074bd1&quot;,&quot;link&quot;:&quot;http:\/\/www.lemonde.fr\/idees\/article\/2018\/02\/12\/la-fin-des-castes-administratives-n-est-pas-pour-demain_5255711_3232.html&quot;,&quot;title&quot;:&quot;La fin des « castes administratives » n’est pas pour demain&quot;,&quot;content&quot;:&quot;Analyse. Il y a fort à parier que les grands corps perpétueront l’entretien d’« une forme d’aristocratie de la fonction publique », selon l’expression du politologue Luc Rouban, explique la journaliste du « Monde », Soazig Le Nevé.&quot;,&quot;enclosures&quot;:[{&quot;link&quot;:&quot;http:\/\/s2.lemde.fr\/image\/2018\/02\/12\/644x322\/5255709_3_f4ff_la-fin-des-castes-administratives-com_f04021d12b3ace2b9521fe2b71fa4b46.jpg&quot;,&quot;type&quot;:&quot;image&quot;,&quot;height&quot;:322,&quot;width&quot;:644}],&quot;guid&quot;:&quot;1m6wc5o&quot;,&quot;publishedAt&quot;:1518450349,&quot;createdAt&quot;:1518463045,&quot;source&quot;:{&quot;link&quot;:&quot;http:\/\/www.lemonde.fr\/enseignement-superieur\/rss_full.xml&quot;,&quot;title&quot;:&quot;Enseignement supérieur : Toute l'actualité sur Le Monde.fr.&quot;},&quot;themes&quot;:[&quot;Grand corps de l'État&quot;,&quot;Macron&quot;,&quot;Évangile selon Luc&quot;,&quot;Journaliste&quot;,&quot;Conseil d'État (France)&quot;,&quot;Caste&quot;]},{&quot;id&quot;:&quot;214e44f2-0fce-11e8-ae37-a0369fec9598&quot;,&quot;streamId&quot;:&quot;10654a72-3286-11e4-8741-782bcb074bd1&quot;,&quot;link&quot;:&quot;http:\/\/www.sauvonsluniversite.com\/spip.php?article8098&quot;,&quot;title&quot;:&quot;Sélection à l'université : « Pire que le tirage au sort ! » - Diacritik, 12 février 2018&quot;,&quot;content&quot;:&quot;\nNous, professeurs de lycée, sommes confrontés aujourd'hui aux côtés de nos élèves au nouveau système ParcourSup censé garantir l'accès au post-bac pour les élèves de Terminale. L'État a prétendu par la voix de Jean-Michel Blanquer, Frédérique Vidal et Emmanuel Macron que ce système permettrait de remédier à l'injustice flagrante qui avait ému l'opinion l'an dernier : la sélection arbitraire des bacheliers par tirage au sort. En vérité, cette nouvelle fake news étatique es&quot;,&quot;enclosures&quot;:[],&quot;guid&quot;:&quot;135w8nt&quot;,&quot;publishedAt&quot;:1518423449,&quot;createdAt&quot;:1518423863,&quot;source&quot;:{&quot;link&quot;:&quot;http:\/\/www.sauvonsluniversite.fr\/&quot;,&quot;title&quot;:&quot;Sauvons l'Université !&quot;},&quot;themes&quot;:[&quot;Macron&quot;,&quot;Brevet d'aptitude aux fonctions d'animateur en accueils collectifs de mineurs&quot;,&quot;11e étape du Tour de France 2012&quot;,&quot;Algorithme&quot;]}]"/>
   </outline>
   <outline type="PotionWizard" title="New article" row="7000" col="2">
    <outline collapsedLegend="true" preconfigData="{&quot;title&quot;:&quot;New article&quot;,&quot;triggers&quot;:[{&quot;ingredient&quot;:&quot;com.netvibes.stream&quot;,&quot;reference&quot;:&quot;new_article&quot;,&quot;name&quot;:&quot;com.netvibes.dashboard.{id}.stream.{uuid}.article.new&quot;,&quot;config&quot;:{&quot;formulaHelpers&quot;:{&quot;content&quot;:[&quot;Emmanuel Macron&quot;],&quot;hasImages&quot;:true},&quot;formula&quot;:&quot;content contains \&quot;Emmanuel Macron\&quot; and type of enclosures contains 'image')&quot;}}],&quot;actions&quot;:[{&quot;ingredient&quot;:&quot;mail&quot;,&quot;reference&quot;:&quot;mail&quot;,&quot;name&quot;:&quot;com.netvibes.mail&quot;,&quot;type&quot;:1,&quot;config&quot;:{&quot;general&quot;:[]}}],&quot;triggersLength&quot;:1,&quot;actionsLength&quot;:1,&quot;glue&quot;:2,&quot;formula&quot;:&quot;&quot;}" title="New article"/>
   </outline>
   <outline type="SmartFilter" title="&quot;Emmanuel Macron&quot; articles from Press &amp; Media" row="1000" col="3">
    <outline title="&quot;Emmanuel Macron&quot; articles from Press &amp; Media" searchQuery="{&quot;topic&quot;:&quot;Emmanuel Macron AND media:\&quot;press and media\&quot;&quot;}" searchToken="" view="" viewHeight="medium" color="" snapshot="[{&quot;id&quot;:&quot;5bc22274-1029-11e8-af87-a0369fec9884&quot;,&quot;streamId&quot;:&quot;d5b5ba9d-3282-11e4-8738-782bcb074bd1&quot;,&quot;link&quot;:&quot;http:\/\/www.lemonde.fr\/idees\/article\/2018\/02\/12\/la-fin-des-castes-administratives-n-est-pas-pour-demain_5255711_3232.html&quot;,&quot;title&quot;:&quot;La fin des « castes administratives » n’est pas pour demain&quot;,&quot;content&quot;:&quot;Analyse. Il y a fort à parier que les grands corps perpétueront l’entretien d’« une forme d’aristocratie de la fonction publique », selon l’expression du politologue Luc Rouban, explique la journaliste du « Monde », Soazig Le Nevé.&quot;,&quot;enclosures&quot;:[{&quot;link&quot;:&quot;http:\/\/s2.lemde.fr\/image\/2018\/02\/12\/644x322\/5255709_3_f4ff_la-fin-des-castes-administratives-com_f04021d12b3ace2b9521fe2b71fa4b46.jpg&quot;,&quot;type&quot;:&quot;image&quot;,&quot;height&quot;:322,&quot;width&quot;:644}],&quot;guid&quot;:&quot;1m6wc5o&quot;,&quot;publishedAt&quot;:1518450349,&quot;createdAt&quot;:1518463045,&quot;source&quot;:{&quot;link&quot;:&quot;http:\/\/www.lemonde.fr\/enseignement-superieur\/rss_full.xml&quot;,&quot;title&quot;:&quot;Enseignement supérieur : Toute l'actualité sur Le Monde.fr.&quot;},&quot;themes&quot;:[&quot;Grand corps de l'État&quot;,&quot;Macron&quot;,&quot;Évangile selon Luc&quot;,&quot;Journaliste&quot;,&quot;Conseil d'État (France)&quot;,&quot;Caste&quot;]},{&quot;id&quot;:&quot;214e44f2-0fce-11e8-ae37-a0369fec9598&quot;,&quot;streamId&quot;:&quot;10654a72-3286-11e4-8741-782bcb074bd1&quot;,&quot;link&quot;:&quot;http:\/\/www.sauvonsluniversite.com\/spip.php?article8098&quot;,&quot;title&quot;:&quot;Sélection à l'université : « Pire que le tirage au sort ! » - Diacritik, 12 février 2018&quot;,&quot;content&quot;:&quot;\nNous, professeurs de lycée, sommes confrontés aujourd'hui aux côtés de nos élèves au nouveau système ParcourSup censé garantir l'accès au post-bac pour les élèves de Terminale. L'État a prétendu par la voix de Jean-Michel Blanquer, Frédérique Vidal et Emmanuel Macron que ce système permettrait de remédier à l'injustice flagrante qui avait ému l'opinion l'an dernier : la sélection arbitraire des bacheliers par tirage au sort. En vérité, cette nouvelle fake news étatique es&quot;,&quot;enclosures&quot;:[],&quot;guid&quot;:&quot;135w8nt&quot;,&quot;publishedAt&quot;:1518423449,&quot;createdAt&quot;:1518423863,&quot;source&quot;:{&quot;link&quot;:&quot;http:\/\/www.sauvonsluniversite.fr\/&quot;,&quot;title&quot;:&quot;Sauvons l'Université !&quot;},&quot;themes&quot;:[&quot;Macron&quot;,&quot;Brevet d'aptitude aux fonctions d'animateur en accueils collectifs de mineurs&quot;,&quot;11e étape du Tour de France 2012&quot;,&quot;Algorithme&quot;]}]"/>
   </outline>
   <outline type="SmartFilter" title="&quot;Emmanuel Macron&quot; images" row="1000" col="4">
    <outline title="&quot;Emmanuel Macron&quot; images" searchQuery="{&quot;topic&quot;:&quot;Emmanuel Macron AND image:\&quot;true\&quot;&quot;}" searchToken="" view="mosaic" viewHeight="medium" color="" snapshot="[{&quot;id&quot;:&quot;7042a6a2-1055-11e8-b1ba-a0369fec9dcc&quot;,&quot;streamId&quot;:&quot;a62e3e30-4cc4-11e6-a6bb-782bcb10e966&quot;,&quot;link&quot;:&quot;https:\/\/www.sorbonne.fr\/musique-contre-oubli-concert-hommage-sorbonne\/&quot;,&quot;title&quot;:&quot;La musique contre l’oubli : concert hommage en Sorbonne&quot;,&quot;content&quot;:&quot;\n\n« Un événement effrayant, un projet bouleversant », tels sont les mots utilisés par Marek Halter, parrain de l’événement, pour décrire le concert exceptionnel organisé en Sorbonne à l’occasion de la journée internationale dédiée à la mémoire des victimes de la Shoah : La musique contre l’oubli. Le 27 janvier 2018, sous le haut patronage d’Emmanuel Macron, Président de la République, un poignant hommage musical a ainsi été rendu aux compositeurs juifs tués par les&quot;,&quot;enclosures&quot;:[{&quot;link&quot;:&quot;https:\/\/www.sorbonne.fr\/wp-content\/uploads\/Concert_La-musique-contre-oubli_Marek-Halter-328.jpg&quot;,&quot;type&quot;:&quot;image&quot;,&quot;source&quot;:&quot;content&quot;,&quot;height&quot;:760,&quot;width&quot;:1140}],&quot;guid&quot;:&quot;1rizesg&quot;,&quot;publishedAt&quot;:1518452667,&quot;createdAt&quot;:1518481977,&quot;source&quot;:{&quot;link&quot;:&quot;https:\/\/www.sorbonne.fr\/&quot;,&quot;title&quot;:&quot;La Chancellerie  des Universités de Paris&quot;},&quot;themes&quot;:[&quot;Sorbonne&quot;,&quot;Shoah&quot;,&quot;Nazisme&quot;,&quot;Camp de concentration de Theresienstadt&quot;,&quot;Chœur (musique)&quot;,&quot;Journée internationale&quot;,&quot;Macron&quot;,&quot;Recteur d'académie&quot;,&quot;Prague&quot;,&quot;Mirador&quot;,&quot;Piano&quot;,&quot;Concerto&quot;,&quot;Flûte&quot;,&quot;La Liste de Schindler (film)&quot;,&quot;Alto (instrument à cordes)&quot;,&quot;Violoncelle&quot;]},{&quot;id&quot;:&quot;5bc22274-1029-11e8-af87-a0369fec9884&quot;,&quot;streamId&quot;:&quot;d5b5ba9d-3282-11e4-8738-782bcb074bd1&quot;,&quot;link&quot;:&quot;http:\/\/www.lemonde.fr\/idees\/article\/2018\/02\/12\/la-fin-des-castes-administratives-n-est-pas-pour-demain_5255711_3232.html&quot;,&quot;title&quot;:&quot;La fin des « castes administratives » n’est pas pour demain&quot;,&quot;content&quot;:&quot;Analyse. Il y a fort à parier que les grands corps perpétueront l’entretien d’« une forme d’aristocratie de la fonction publique », selon l’expression du politologue Luc Rouban, explique la journaliste du « Monde », Soazig Le Nevé.&quot;,&quot;enclosures&quot;:[{&quot;link&quot;:&quot;http:\/\/s2.lemde.fr\/image\/2018\/02\/12\/644x322\/5255709_3_f4ff_la-fin-des-castes-administratives-com_f04021d12b3ace2b9521fe2b71fa4b46.jpg&quot;,&quot;type&quot;:&quot;image&quot;,&quot;height&quot;:322,&quot;width&quot;:644}],&quot;guid&quot;:&quot;1m6wc5o&quot;,&quot;publishedAt&quot;:1518450349,&quot;createdAt&quot;:1518463045,&quot;source&quot;:{&quot;link&quot;:&quot;http:\/\/www.lemonde.fr\/enseignement-superieur\/rss_full.xml&quot;,&quot;title&quot;:&quot;Enseignement supérieur : Toute l'actualité sur Le Monde.fr.&quot;},&quot;themes&quot;:[&quot;Grand corps de l'État&quot;,&quot;Macron&quot;,&quot;Évangile selon Luc&quot;,&quot;Journaliste&quot;,&quot;Conseil d'État (France)&quot;,&quot;Caste&quot;]}]"/>
   </outline>
  </outline>
 </body>
</opml>
